<?xml version="1.0" encoding="UTF-8"?>
<?xml-stylesheet type="text/xsl" href="900A10220004700001.xsl" ?>
<DataRoot>
<様式ID>900A10220004700001</様式ID>
<様式バージョン>0006</様式バージョン>
<STYLESHEET>950A10220003900001.xsl</STYLESHEET>
<様式コピー情報>0</様式コピー情報>
<Doctype>1</Doctype>
<A-360230-001_1>
<P1_A-360230-001_1>
<P1_配偶者基礎年金番号又は手帳記号番号x記号>1330</P1_配偶者基礎年金番号又は手帳記号番号x記号>
<P1_配偶者基礎年金番号又は手帳記号番号x番号>499777</P1_配偶者基礎年金番号又は手帳記号番号x番号>
<P1_配偶者の氏名>川村　安治</P1_配偶者の氏名>
<P1_配偶者の生年月日x元号>5</P1_配偶者の生年月日x元号>
<P1_配偶者の生年月日x年>50</P1_配偶者の生年月日x年>
<P1_配偶者の生年月日x月>10</P1_配偶者の生年月日x月>
<P1_配偶者の生年月日x日>20</P1_配偶者の生年月日x日>
<P1_配偶者郵便番号x親番号x>243</P1_配偶者郵便番号x親番号x>
<P1_配偶者郵便番号x子番号x>0402</P1_配偶者郵便番号x子番号x>
<P1_配偶者住所xカナx>カナガワケンエビナシコクブキタ１－３５－１９</P1_配偶者住所xカナx>
<P1_配偶者住所x漢字x>神奈川県海老名市国分北１－３５－１９</P1_配偶者住所x漢字x>
<P1_第3号該当非該当>該当</P1_第3号該当非該当>
<P1_変更内容非該当x変更xの場合></P1_変更内容非該当x変更xの場合>
<P1_備考></P1_備考>
<P1_基礎年金番号又は手帳記号番号x記号>4321</P1_基礎年金番号又は手帳記号番号x記号>
<P1_基礎年金番号又は手帳記号番号x番号>889988</P1_基礎年金番号又は手帳記号番号x番号>
<P1_被保険者氏名xカナx>カワムラ　ハナコ</P1_被保険者氏名xカナx>
<P1_被保険者氏名x漢字x>川村　華子</P1_被保険者氏名x漢字x>
<P1_生年月日x訂正後xx元号>5</P1_生年月日x訂正後xx元号>
<P1_生年月日x訂正後xx年>51</P1_生年月日x訂正後xx年>
<P1_生年月日x訂正後xx月>02</P1_生年月日x訂正後xx月>
<P1_生年月日x訂正後xx日>27</P1_生年月日x訂正後xx日>
<P1_生年月日x訂正前xx元号></P1_生年月日x訂正前xx元号>
<P1_生年月日x訂正前xx年></P1_生年月日x訂正前xx年>
<P1_生年月日x訂正前xx月></P1_生年月日x訂正前xx月>
<P1_生年月日x訂正前xx日></P1_生年月日x訂正前xx日>
<P1_手帳記号番号x記号></P1_手帳記号番号x記号>
<P1_手帳記号番号x番号></P1_手帳記号番号x番号>
<P1_性別>2</P1_性別>
<P1_資格取得x種別変更x種別確認の理由>配偶者が被用者保険制度に加入</P1_資格取得x種別変更x種別確認の理由>
<P1_理由xその他x></P1_理由xその他x>
<P1_資格取得x種別変更種別確認x年月日x年>02</P1_資格取得x種別変更種別確認x年月日x年>
<P1_資格取得x種別変更種別確認x年月日x月>07</P1_資格取得x種別変更種別確認x年月日x月>
<P1_資格取得x種別変更種別確認x年月日x日>25</P1_資格取得x種別変更種別確認x年月日x日>
<P1_死亡年月日x年></P1_死亡年月日x年>
<P1_死亡年月日x月></P1_死亡年月日x月>
<P1_死亡年月日x日></P1_死亡年月日x日>
<P1_第3号被保険者でなくなった理由></P1_第3号被保険者でなくなった理由>
<P1_第3号被保険者でなくなった理由xその他x></P1_第3号被保険者でなくなった理由xその他x>
<P1_被保険者氏名xカナx変更前x></P1_被保険者氏名xカナx変更前x>
<P1_被保険者氏名x漢字x変更前x></P1_被保険者氏名x漢字x変更前x>
<P1_被保険者郵便番号x親番号x></P1_被保険者郵便番号x親番号x>
<P1_被保険者郵便番号x子番号x></P1_被保険者郵便番号x子番号x>
<P1_被保険者住所xカナx></P1_被保険者住所xカナx>
<P1_被保険者住所x漢字x></P1_被保険者住所x漢字x>
<P1_氏名変更x訂正x年月日x年></P1_氏名変更x訂正x年月日x年>
<P1_氏名変更x訂正x年月日x月></P1_氏名変更x訂正x年月日x月>
<P1_氏名変更x訂正x年月日x日></P1_氏名変更x訂正x年月日x日>
<P1_外国人区分></P1_外国人区分>
<P1_被保険者通称名xカナx></P1_被保険者通称名xカナx>
<P1_被保険者通称名x漢字x></P1_被保険者通称名x漢字x>
<P1_種別></P1_種別>
<P1_年金手帳要否></P1_年金手帳要否>
<P1_加入年金制度の組合番号></P1_加入年金制度の組合番号>
<P1_事業主等受付年月日x年></P1_事業主等受付年月日x年>
<P1_事業主等受付年月日x月></P1_事業主等受付年月日x月>
<P1_事業主等受付年月日x日></P1_事業主等受付年月日x日>
<P1_届出人郵便番号x親番号x>165</P1_届出人郵便番号x親番号x>
<P1_届出人郵便番号x子番号x>0002</P1_届出人郵便番号x子番号x>
<P1_届出人住所>東京都新宿区江戸川橋２－３－１</P1_届出人住所>
<P1_届出人氏名>エミール田中</P1_届出人氏名>
<P1_届出人電話番号x市外局番x></P1_届出人電話番号x市外局番x>
<P1_届出人電話番号x局番x></P1_届出人電話番号x局番x>
<P1_届出人電話番号x番号x></P1_届出人電話番号x番号x>
<P1_提出年月日x年>02</P1_提出年月日x年>
<P1_提出年月日x月>07</P1_提出年月日x月>
<P1_提出年月日x日>25</P1_提出年月日x日>
<P1_社会保険労務士の提出代行者名記載欄></P1_社会保険労務士の提出代行者名記載欄>
<P1_Xmit>0</P1_Xmit>
</P1_A-360230-001_1>
<P2_A-360230-001_2>
<P2_添付書類>
<P2_年金手帳>0</P2_年金手帳>
<P2_生計維持を確認できる書類>0</P2_生計維持を確認できる書類>
<P2_事業主等証明書>0</P2_事業主等証明書>
<P2_医療保険者証明書>0</P2_医療保険者証明書>
<P2_その他>0</P2_その他>
<P2_その他名称></P2_その他名称>
</P2_添付書類>
<P2_配偶者共済番号表示></P2_配偶者共済番号表示>
<P2_配偶者住所x住所コードx></P2_配偶者住所x住所コードx>
<P2_被保険者住所x住所コードx></P2_被保険者住所x住所コードx>
<P2_強制付番指定></P2_強制付番指定>
<P2_訂正後取得年月日></P2_訂正後取得年月日>
<P2_訂正後種別></P2_訂正後種別>
<P2_年金手帳返付></P2_年金手帳返付>
<P2_Xmit>0</P2_Xmit>
</P2_A-360230-001_2>
</A-360230-001_1>
</DataRoot>
