<?xml version="1.0" encoding="UTF-8"?>
<?xml-stylesheet type="text/xsl" href="950A10220003900002.xsl" ?>
<DataRoot>
<様式ID>950A10220003900002</様式ID>
<様式バージョン>0002</様式バージョン>
<STYLESHEET>950A10220003900002.xsl</STYLESHEET>
<様式コピー情報>0</様式コピー情報>
<Doctype>1</Doctype>
<A-360230-002_1>
<配偶者基礎年金番号又は手帳記号番号x記号>1330</配偶者基礎年金番号又は手帳記号番号x記号>
<配偶者基礎年金番号又は手帳記号番号x番号>499777</配偶者基礎年金番号又は手帳記号番号x番号>
<配偶者の氏名>川村　安治</配偶者の氏名>
<配偶者の生年月日x元号>昭</配偶者の生年月日x元号>
<配偶者の生年月日x年>50</配偶者の生年月日x年>
<配偶者の生年月日x月>10</配偶者の生年月日x月>
<配偶者の生年月日x日>20</配偶者の生年月日x日>
<基礎年金番号又は年金手帳記号番号x記号>4321</基礎年金番号又は年金手帳記号番号x記号>
<基礎年金番号又は年金手帳記号番号x番号>889988</基礎年金番号又は年金手帳記号番号x番号>
<被保険者氏名xカナx>カワムラ　ハナコ</被保険者氏名xカナx>
<被保険者氏名x漢字x>川村　華子</被保険者氏名x漢字x>
<被保険者の生年月日x元号>昭</被保険者の生年月日x元号>
<被保険者の生年月日x年>51</被保険者の生年月日x年>
<被保険者の生年月日x月>02</被保険者の生年月日x月>
<被保険者の生年月日x日>27</被保険者の生年月日x日>
<郵便番号x親番号x>243</郵便番号x親番号x>
<郵便番号x子番号x>0422</郵便番号x子番号x>
<所在地>神奈川県横浜市瀬谷４－２２－３</所在地>
<名称>山中工業株式会社</名称>
<事業主氏名>山中　俊太郎</事業主氏名>
<電話番号x市外局番x>045</電話番号x市外局番x>
<電話番号x局番x>891</電話番号x局番x>
<電話番号x番号x>3321</電話番号x番号x>
<提出年月日x年>02</提出年月日x年>
<提出年月日x月>12</提出年月日x月>
<提出年月日x日>25</提出年月日x日>
<社会保険労務士の提出代行者名記載欄>相村　幸之助</社会保険労務士の提出代行者名記載欄>
<Xmit>0</Xmit>
</A-360230-002_1>
</DataRoot>
